869,4.3,720,800,200,4,2,2000,37,1250,小米,MI 2S,995,538
541,5.2,1080,1300,500,8,2,2000,19,2950,OPPO,R5,99,67
655,4.7,720,800,500,4,1,2200,11,950,vivo,Y33,98,39
639,4.5,480,500,200,4,1,1900,16,900,vivo,Y13L,97,36
723,5.2,1080,1300,800,8,3,3000,2,1100,华为,荣耀3C畅玩版,95,44
37,5.2,1080,2070,210,4,3,3200,27,2200,索尼,Xperia Z2,94,77
529,5.0,1080,1300,190,4,2,2500,40,2550,OPPO,Find 5,93,49
658,5.0,540,800,500,4,2,2350,6,1050,vivo,Y51,93,71
408,5.5,1080,1300,500,8,2,3100,11,750,魅族,魅蓝Note 2,919,660
542,4.7,720,800,200,4,1,2140,20,1250,OPPO,R6007,91,46
618,5.5,1080,1300,500,8,3,4150,11,3250,vivo,X5Max,91,61
80,4.5,480,500,200,4,0.5,0,23,250,联想,A380t,9,2
112,0,0,0,0,4,0,0,9,850,联想,A8-50,9,4
120,5.5,540,500,30,8,1,2500,26,350,联想,A850+,9,0
282,5.0,480,500,30,4,1,2000,12,300,酷派,8712,9,2
289,5.0,720,800,200,4,1,0,10,400,酷派,8721,9,2
316,5.5,540,1300,500,4,1,2500,21,450,酷派,Y1,9,5
364,5.5,1080,1600,800,4,2,2500,26,3150,金立,GN9002,9,5
369,4.8,720,800,500,4,1,2100,20,1250,金立,S5.1,9,4
377,5.0,720,800,200,4,1,5200,21,1450,金立,V188,9,6
398,5.5,1080,1300,800,8,3,3050,5,750,青葱,metal 标准版,9,5
437,5.0,480,500,200,4,1,2000,22,550,诺基亚,XL,9,4
518,4.7,720,800,500,4,1,2000,17,850,OPPO,3005,9,3
546,5.0,720,1300,500,4,1,2410,25,1750,OPPO,R8000,9,6
600,4.3,480,500,200,1,0.5,2000,40,1650,vivo,S11T,9,5
702,5.0,720,800,130,4,1,2150,40,950,华为,Ascend G700T,9,3
717,5.0,540,500,30,4,1,2000,24,700,华为,C8817L,9,4
748,4.5,480,500,30,4,0.5,1700,40,750,华为,G520-5000,9,3
1021,4.3,480,500,0,4,0.75,0,20,600,三星,Galaxy Core Mini,9,3
1081,0,0,0,0,1,0,0,40,1100,三星,Galaxy Tab 3 7.0,9,6
1112,4.0,480,300,0,1,0.5,1500,27,400,三星,S7898,9,3
1186,5.0,720,1300,800,4,1,2400,13,400,中兴,小鲜2,9,2
559,4.5,480,500,200,4,1,1900,24,950,OPPO,R831S,89,34
642,4.7,720,800,500,4,1,2000,40,1750,vivo,Y17T,87,38
708,5.5,720,1300,500,4,2,3000,22,550,华为,B199,87,50
1038,5.5,1080,1300,500,8,0,3000,11,1050,三星,Galaxy J7,87,52
1052,5.5,720,800,200,4,2,3100,27,1050,三星,Galaxy Note 3 Lite,87,63
1100,4.7,480,500,30,4,1,2000,38,500,三星,Galaxy Win,87,24
527,5.5,720,1300,500,8,2,3075,6,1350,OPPO,A53,86,68
779,5.5,1080,1300,800,8,3,2700,6,1850,华为,Mate S,86,71
539,4.7,540,500,200,4,1,1900,21,1050,OPPO,R2017,85,54
1068,5.0,1080,1300,200,4,2,2600,37,1150,三星,Galaxy S4,848,573
858,4.7,720,800,200,4,2,2200,10,600,小米,红米2,833,532
463,5.5,720,1300,500,4,0,2600,27,650,HTC,Desire 816,83,35
742,5.5,720,1300,500,8,2,3000,16,700,华为,麦芒3,83,62
1192,5.0,720,800,200,4,1,3000,11,550,中国移动,A1,83,40
1050,5.5,720,800,190,4,2,3100,42,1500,三星,Galaxy Note 2,822,526
860,5.0,720,1300,500,8,3,4100,5,900,小米,红米3,82,60
880,5.7,1440,1300,400,8,4,3090,12,1850,小米,小米note,818,708
543,5.0,1080,1300,800,8,3,2320,12,1950,OPPO,R7,814,627
473,4.7,1080,400,210,4,2,2300,37,750,HTC,One,81,50
516,4.5,480,500,200,4,1,1800,18,750,OPPO,1107,81,36
627,5.7,1080,1300,800,8,4,4000,5,3150,vivo,X6 Plus D,81,71
684,5.5,1080,1600,800,8,3,2900,14,1150,努比亚,Z9 Max,80,63
54,5.0,1080,2100,2100,8,3,2650,6,3950,美图,V4,8,8
73,4.5,480,200,30,4,0.5,1700,13,300,联想,A3600d,8,2
144,4.5,540,500,30,1,1,3500,52,800,联想,P770,8,0
174,5.3,720,800,200,4,1,2250,40,600,联想,S920,8,2
183,5.0,1080,1300,500,4,2,2000,32,600,联想,VIBE X,8,4
185,5.5,1080,1300,500,4,2,3050,40,1250,联想,VIBE Z,8,6
213,5.0,540,800,200,4,1,2000,20,850,酷比,S2,8,5
237,4.5,540,500,30,4,1,1700,40,500,酷派,5890,8,2
238,5.0,540,500,30,4,1,2000,34,450,酷派,5891,8,4
287,5.0,720,500,30,1,1,2000,38,700,酷派,8720,8,3
353,5.0,480,500,200,4,1,2400,9,650,金立,GN152,8,2
375,4.5,480,500,30,4,1,4100,17,850,金立,V183,8,4
376,5.0,480,800,200,4,1,4350,28,1250,金立,V185,8,5
452,4.7,1080,400,210,4,2,2300,39,950,HTC,802d,8,2
459,4.7,480,800,130,4,1,2040,27,650,HTC,Desire 610t,8,3
482,5.9,1080,400,210,4,2,3300,28,1450,HTC,One max,8,5
507,5.9,1080,1300,210,4,3,3200,28,2550,LG,Optimus G Pro,8,6
538,4.7,540,500,200,4,1,1900,21,1250,OPPO,R2010,8,4
561,4.3,480,500,200,4,1,1700,40,1200,OPPO,R833T,8,2
569,4.3,480,800,130,1,1,1500,47,1950,OPPO,X907,8,3
577,5.0,720,1300,500,4,2,2650,12,400,TCL,ono,8,2
640,4.5,480,500,200,4,1,1900,16,900,vivo,Y13T,8,2
662,4.5,480,500,200,4,1,1900,5,950,vivo,Y623,8,4
746,4.5,480,500,30,1,0.5,1700,41,550,华为,G510,8,5
765,5.0,720,800,100,1,1,2150,40,700,华为,G716,8,4
766,5.5,540,500,30,4,1,0,40,700,华为,G730-C00,8,3
767,5.5,540,500,200,4,1,2300,23,650,华为,G730-L075,8,1
1035,5.0,1080,1320,210,4,3,2600,40,2200,三星,Galaxy J,8,5
789,6.8,1080,1300,500,8,3,4360,13,1850,华为,P8max,78,67
1054,5.7,1440,1600,500,8,4,3000,9,3750,三星,Galaxy Note 5,78,66
325,5.5,1080,1300,500,8,2,2500,17,700,酷派,大神F2全高清版,77,51
623,5.2,1080,1300,800,8,4,2400,5,2250,vivo,X6,77,62
1037,5.0,720,1300,500,4,0,2600,11,800,三星,Galaxy J5,77,55
407,5.5,1080,1300,500,8,2,3140,17,750,魅族,魅蓝NOTE,762,602
126,5.5,720,1300,500,8,2,3000,15,450,联想,联想黄金斗士S8,74,51
732,5.0,720,1300,500,8,2,2550,13,650,华为,荣耀畅玩4C,731,446
464,5.5,720,1300,800,8,2,2600,18,900,HTC,Desire 820,73,46
859,4.7,720,800,200,4,2,2200,8,650,小米,红米2A,724,455
757,5.0,540,500,30,4,1,2150,35,650,华为,G610T,71,23
626,5.7,1080,1300,800,8,4,3000,5,2750,vivo,X6 Plus,70,61
775,6.1,720,1300,500,4,2,4050,26,750,华为,Mate 2,70,46
32,4.6,720,1300,130,1,1,1700,52,1400,索尼,Xperia TX,7,5
36,4.3,720,2070,200,4,2,2300,32,1950,索尼,Xperia Z1 炫彩版,7,2
50,4.7,720,1300,1300,8,2,2300,25,2150,美图,2,7,6
97,5.0,480,500,0,4,0.5,2250,40,450,联想,A678t,7,5
149,5.0,720,1300,500,4,2,2150,17,400,联想,S60t,7,4
161,5.0,720,1300,500,4,1,2150,27,650,联想,S850,7,2
181,5.5,1080,1300,500,8,3,5000,8,950,联想,VIBE P1,7,5
187,6.0,1440,1600,500,4,3,4000,18,1250,联想,Vibe Z2 Pro,7,4
205,4.7,720,800,800,4,1,1850,18,550,酷比,H2,7,3
228,5.0,480,500,30,1,0.5,0,6,300,酷派,5263,7,3
263,4.0,480,200,0,4,0.5,1650,22,200,酷派,8017-T00,7,0
301,5.5,540,800,200,4,2,2500,8,500,酷派,锋尚2,7,3
318,5.0,720,800,200,4,1,2000,20,450,酷派,Y70-C,7,5
345,5.0,720,800,500,4,1,2400,8,750,金立,F103S,7,2
383,4.0,480,1300,500,4,2,2050,17,2950,金立,天鉴W900,7,5
425,5.0,720,800,200,4,2,2300,10,350,语信,红辣椒任性版 Plus,7,3
476,5.5,1080,1300,400,8,2,2800,15,950,HTC,One E9,7,5
479,5.0,1080,2000,400,8,3,2840,14,1850,HTC,One M9,7,7
522,4.99,1080,1300,800,4,3,2525,4,1550,OPPO,A30,7,5
578,4.0,480,200,0,4,0.5,1500,22,250,TCL,P301M,7,2
636,4.0,480,500,200,4,0.5,1700,21,950,vivo,Y11IW,7,2
936,5.0,720,1300,800,4,2,2000,13,1550,朵唯,倾城L3,7,3
1019,4.7,480,500,0,4,1,2000,23,550,三星,Galaxy Core Lite,7,1
1064,4.3,480,800,200,1,1,1650,52,1500,三星,Galaxy S2 Plus,7,3
1130,5.0,720,1300,500,4,2,2300,11,600,中兴,Blade S6,7,5
1131,5.5,720,1300,500,8,2,3000,11,950,中兴,Blade S6 Lux,7,7
300,5.5,540,800,200,4,1,2500,17,450,酷派,锋尚,69,27
1040,6.0,720,1300,500,4,2,2800,22,1050,三星,Galaxy Mega 2,69,43
1202,6.33,1440,2100,400,8,4,3400,10,1400,乐视,超级手机Max,69,60
729,5.2,1080,2000,800,8,3,3100,11,1400,华为,荣耀7,685,542
682,5.0,1080,1300,500,4,2,2300,22,1450,努比亚,Z7 Mini,68,47
109,5.0,480,800,30,4,1,2000,23,400,联想,A788t,67,33
525,5.0,720,800,500,4,2,2420,11,1150,OPPO,A51,66,53
657,5.5,720,1300,500,8,2,2720,9,1750,vivo,Y37,66,40
1043,5.8,540,800,190,4,0,2600,21,650,三星,Galaxy Mega Plus,65,33
857,4.7,720,800,160,4,1,2200,18,550,小米,红米1S,640,334
373,5.2,1080,1300,800,8,2,2750,15,1950,金立,S7,64,44
722,5.0,720,800,500,4,2,2300,24,750,华为,荣耀3C,637,358
544,6.0,1080,1300,800,8,4,4100,5,2650,OPPO,R7 Plus,632,542
519,4.7,720,800,500,4,1,2000,18,1250,OPPO,3007,63,32
653,5.0,720,1300,500,4,1,2000,17,1750,vivo,Y29L,63,40
534,5.5,1080,1600,1600,4,2,3000,18,2350,OPPO,N3,62,53
1071,5.1,1080,1600,200,4,2,2800,27,1250,三星,Galaxy S5,614,440
553,5.0,720,1300,500,8,2,2420,16,1550,OPPO,R8205,60,44
96,4.5,480,800,200,4,0.5,1700,40,400,联想,A670t,6,2
136,5.5,1080,1300,500,4,4,4000,12,900,联想,K80,6,4
159,4.7,720,1300,200,4,1,2000,40,600,联想,S820,6,3
166,5.0,540,800,30,1,1,2000,40,550,联想,S868t,6,3
169,5.0,540,800,30,1,1,2250,52,900,联想,S890,6,3
177,5.0,1080,1300,500,4,2,2000,29,700,联想,S960,6,4
189,5.0,1080,1300,500,8,2,2750,4,600,联想,乐檬3,6,5
295,5.5,1080,800,200,4,1,2500,34,350,酷派,8750,6,0
374,4.5,480,500,0,1,0,4000,34,950,金立,V182,6,3
393,4.95,1080,1300,500,1,3,2670,5,1750,锤子,T2,6,4
440,0,0,0,0,4,0,0,40,1400,谷歌,Nexus 7,6,6
465,5.0,720,800,500,4,1,2100,18,550,HTC,Desire 820 Mini,6,2
469,4.0,480,800,130,1,0.75,1450,62,1850,HTC,G11,6,4
504,5.2,1080,1320,240,1,2,2500,24,1000,LG,L22,6,6
514,4.5,480,500,200,4,1,1800,18,650,OPPO,1100,6,1
573,5.0,1080,1310,210,4,2,2000,40,1350,TCL,idol X,6,5
647,4.5,480,800,500,4,1,1900,28,1150,vivo,Y22,6,1
661,4.5,480,800,500,4,1,1900,28,1250,vivo,Y622,6,2
677,4.7,720,1300,500,4,2,2000,30,1100,努比亚,Z5 Mini,6,4
755,5.0,540,500,30,4,1,2150,29,850,华为,G610C,6,2
761,5.0,720,800,200,8,1,2000,10,550,华为,G629,6,3
968,5.0,720,1300,500,8,2,2320,10,1250,海信,E70-T,6,4
1000,3.7,480,800,190,4,1,1820,20,5500,三星,B9388,6,3
1015,4.7,720,1200,210,4,2,1860,21,1250,三星,Galaxy Alpha,6,6
1080,0,0,0,0,1,0,0,40,2200,三星,Galaxy Tab 3 10.1,6,2
1183,5.0,540,500,30,4,1,2500,39,450,中兴,V967S,6,0
1207,4.5,480,800,200,4,1,3200,25,650,亿通,P2,6,4
520,5.9,1080,1300,500,8,2,3100,18,1450,OPPO,6607,59,47
865,4.0,480,800,200,1,1,1930,52,1050,小米,MI 1S,59,29
1061,4.3,480,800,200,1,1,1650,57,1450,三星,Galaxy S2,58,21
1201,5.5,1080,1300,500,8,3,3000,7,850,乐视,超级手机1s,579,455
415,5.36,1152,2070,200,8,2,3100,20,1250,魅族,MX4,571,447
33,5.0,1080,1310,200,4,2,2330,40,1450,索尼,Xperia Z,57,33
718,5.0,720,1300,500,8,2,2550,12,600,华为,C8818,57,31
1020,4.8,540,800,500,4,1,2200,18,600,三星,Galaxy Core Max,57,25
707,5.2,1080,1300,800,8,3,2680,12,1450,华为,Ascend P8,561,447
1031,5.0,480,800,200,1,1,2100,52,1150,三星,Galaxy Grand DUOS,56,23
417,5.5,1080,2070,500,8,3,3150,11,1450,魅族,MX5,555,487
756,5.0,540,500,30,4,1,2150,40,750,华为,G610S,55,27
288,5.0,720,500,200,4,1,2000,30,400,酷派,8720L,54,23
367,5.5,720,1300,500,4,2,6020,11,1850,金立,M5,54,38
545,5.5,1080,1300,800,8,4,3070,7,2350,OPPO,R7s,535,437
296,5.95,720,1300,500,4,2,2800,27,600,酷派,9190l,53,31
305,5.5,720,1300,500,8,2,2500,12,550,酷派,锋尚Pro,53,33
1196,5.0,720,1300,500,4,2,2800,11,800,中国移动,N1,53,33
706,5.0,1080,1300,800,4,2,2500,24,750,华为,Ascend P7,524,335
879,5.0,1080,1300,500,1,3,3080,8,1150,小米,小米4C,523,419
35,5.0,1080,2070,200,4,2,3000,32,1450,索尼,Xperia Z1,52,31
372,5.5,720,1300,500,8,3,3150,6,1600,金立,S6,52,42
863,5.5,1080,1300,500,8,3,4000,6,1050,小米,红米Note3,518,421
306,5.5,720,1300,500,8,2,2500,17,700,酷派,F2,513,386
521,4.5,480,500,200,4,1,2000,10,800,OPPO,A11,51,29
848,6.0,1080,1300,800,1,3,3700,9,950,奇酷,旗舰版,51,31
681,5.5,1080,1300,500,4,2,3100,22,750,努比亚,Z7 Max,50,36
998,6.0,1080,1300,800,8,3,4000,5,2000,三星,2016版 Galaxy A9,50,40
42,5.2,1080,2300,500,8,3,2900,7,4450,索尼,Xperia Z5,5,4
71,4.0,480,30,0,1,0.5,1300,12,250,联想,A355e,5,0
115,4.5,540,800,30,4,1,2000,40,800,联想,A820e,5,1
117,5.0,720,800,0,4,1,0,29,350,联想,A828t,5,2
118,5.0,540,800,30,4,1,2250,40,950,联想,A830,5,1
145,5.0,720,800,30,4,1,4000,38,250,联想,P780,5,0
175,6.0,720,800,160,8,1,3000,26,700,联想,S938t,5,2
209,4.5,540,800,200,4,1,1700,29,950,酷比,M1,5,2
257,5.5,720,500,200,4,1,2500,25,350,酷派,7298D,5,0
284,5.0,480,500,30,4,0.5,2000,17,300,酷派,8713,5,2
329,5.9,1080,1300,200,4,3,3000,23,850,酷派,大观4,5,2
335,5.0,1080,1300,500,4,2,2000,29,2250,金立,E6T,5,2
350,4.0,480,200,30,1,0.5,1700,33,550,金立,GN137,5,3
381,5.7,720,1300,500,4,1,3200,33,2650,金立,X817,5,1
384,4.0,480,1300,500,8,3,2500,9,3550,金立,天鉴W900S,5,4
420,5.0,720,800,500,4,2,2250,8,400,语信,红辣椒 X1,5,5
478,5.0,1080,1300,500,4,2,2600,19,1250,HTC,One M8 Eye,5,4
480,5.2,1440,2000,400,8,3,2840,10,2150,HTC,One M9+,5,4
483,5.2,1440,2000,400,8,3,2840,12,1350,HTC,One ME,5,3
659,4.5,480,500,200,4,0.5,0,22,1150,vivo,Y613,5,3
695,5.0,720,800,200,1,2,2110,25,950,华硕,ZenFone 5,5,2
850,4.2,768,800,800,4,1,2010,20,750,富可视,M2,5,4
923,5.0,720,800,500,4,1,2000,19,950,朵唯,L1 mini,5,3
1017,4.5,480,500,0,1,0.75,2000,23,600,三星,Galaxy Core 2,5,1
1111,4.0,480,300,0,1,0.5,1500,31,450,三星,S7568I,5,2
1168,4.5,480,300,0,1,0.5,1600,38,300,中兴,U817,5,2
328,5.2,1080,1300,800,4,3,2700,16,1000,酷派,大神X7,49,33
532,5.9,1080,1300,0,4,2,3610,32,3450,OPPO,N1T,47,30
615,5.0,720,800,500,4,2,2360,23,1450,vivo,X3V,46,31
1067,4.8,720,800,190,4,0,2100,26,1400,三星,Galaxy S3 Neo+,46,25
79,4.5,480,0,0,4,0,0,16,300,联想,A3800d,45,20
502,5.5,1440,1300,210,4,3,2940,21,1300,LG,G3,45,35
1024,5.5,720,1300,500,4,2,2950,15,1250,三星,Galaxy E7,45,27
637,4.5,480,500,200,4,0.5,1900,28,750,vivo,Y13,44,18
725,5.5,720,1300,500,8,2,3000,20,650,华为,荣耀3X畅玩版,431,265
759,5.0,540,500,30,4,1,2000,25,600,华为,G620-L75,43,12
770,5.5,1080,1300,500,8,2,3000,23,800,华为,G750-T20,43,32
535,5.0,720,800,500,4,1,2410,29,2100,OPPO,R1,42,22
405,5.0,720,1300,500,4,2,2500,10,550,魅族,魅蓝2,417,324
864,5.5,720,1300,500,4,2,3100,14,750,小米,红米note增强版,413,234
595,5.5,720,1300,800,8,2,3500,16,500,TCL,么么哒3N,41,26
644,4.7,720,800,500,4,1,2260,24,1400,vivo,Y18L,41,14
652,4.7,540,800,500,4,1,2100,17,1350,vivo,Y28L,41,21
764,5.5,1080,1300,500,8,2,3000,8,1200,华为,G7 Plus,41,27
1042,6.3,720,800,190,1,0,3200,35,1400,三星,Galaxy Mega 6.3,41,24
1046,5.3,800,800,200,1,1,2500,56,2450,三星,Galaxy Note,40,19
1178,5.5,720,1300,500,4,2,3100,19,600,中兴,V5 Max,40,16
28,4.3,720,1210,130,1,1,1750,45,2100,索尼,Xperia SL,4,2
44,5.0,1080,1300,200,4,2,2370,40,2300,索尼,Xperia ZL,4,4
76,5.0,480,500,30,4,0.5,2000,19,250,联想,A368t,4,1
89,5.0,480,200,0,4,0.5,2000,12,250,联想,A399,4,1
100,5.0,720,800,200,4,1,2000,21,350,联想,A688t,4,1
106,5.5,540,800,200,4,1,2500,21,450,联想,A768t,4,2
206,5.0,720,1300,800,1,2,2060,18,750,酷比,H3,4,2
225,4.0,480,200,0,1,0.5,1500,26,200,酷派,5217,4,1
293,5.5,720,1300,200,4,1,2500,21,550,酷派,8732,4,3
336,5.5,1080,1600,800,4,3,2500,30,3150,金立,E7,4,3
337,6.0,1440,2400,800,8,3,3500,11,3950,金立,E8,4,4
354,5.0,720,800,500,4,3,4000,4,1350,金立,GN5001S,4,3
361,5.0,720,800,500,4,1,2000,21,450,金立,GN715,4,1
382,5.5,720,800,200,4,1,3000,28,2450,金立,天鉴T1,4,2
428,5.0,720,2000,800,4,1,2000,16,650,语信,小辣椒 6,4,4
433,5.0,720,800,500,4,1,2000,2,550,语信,小辣椒S1,4,3
450,4.5,540,800,160,4,1,1860,36,550,HTC,606w,4,1
490,4.0,480,500,0,1,1,1650,42,350,HTC,T329t,4,3
533,5.9,1080,1300,1300,4,2,3610,40,3950,OPPO,N1W,4,2
580,5.0,480,500,30,4,0.5,2000,12,300,TCL,P308L,4,0
586,5.0,480,500,0,4,0.5,1800,18,550,TCL,P360W,4,1
587,5.0,480,500,0,4,0.5,1800,17,250,TCL,P500M,4,1
609,4.7,720,800,130,4,1,2000,38,2450,vivo,X1S,4,3
631,5.43,1440,1600,800,4,6,3600,2,4250,vivo,Xplay5,4,4
632,5.2,1080,1300,800,4,2,2600,24,2450,vivo,Xshot,4,3
654,4.7,540,800,200,4,1,2100,3,850,vivo,Y31,4,1
660,4.5,480,500,200,4,1,1900,16,800,vivo,Y613F,4,0
710,4.5,480,500,30,1,0.5,1700,52,650,华为,C8813,4,0
750,4.5,480,500,30,4,0.5,2000,23,450,华为,G521,4,0
799,4.0,480,300,30,1,0.5,1730,52,600,华为,Y300,4,1
852,4.7,720,800,130,4,1,2450,29,850,富可视,M310,4,1
874,4.0,480,800,0,1,1,1930,50,1250,小米,MI One C1,4,2
883,5.0,720,800,500,1,2,2000,23,550,尼比鲁,火星一号探索版,4,4
920,4.5,540,800,500,4,1,1800,40,1350,朵唯,iSuper S1,4,1
1047,10.1,800,500,190,4,2,7000,52,2800,三星,Galaxy Note 10.1,4,3
1069,4.3,540,800,190,1,0,1900,40,1800,三星,Galaxy S4 Mini,4,2
1076,5.1,1440,1200,500,4,4,3000,2,3550,三星,Galaxy S7,4,4
1143,5.0,720,800,200,4,1,2500,38,900,中兴,Grand X Quad,4,1
1160,5.7,720,500,30,4,1,2500,26,300,中兴,Q705U,4,1
1173,4.5,720,800,30,1,1,1800,33,450,中兴,U930HD,4,1
1174,4.3,480,500,30,4,1,2000,42,500,中兴,U950,4,2
1195,5.5,720,800,500,4,2,3100,20,950,中国移动,M812C,39,17
620,5.2,1080,1300,800,8,2,2300,12,1950,vivo,X5Pro,386,280
994,5.5,1080,1300,500,8,4,3300,9,2200,一加,Two,38,35
997,5.5,1080,1300,500,8,3,3300,8,1750,三星,2016版 Galaxy A7,38,26
1096,4.3,480,300,0,1,0.75,1800,29,350,三星,Galaxy Trend 3,38,14
67,4.0,480,200,0,1,0.5,1500,21,300,联想,A320t,37,15
777,6.0,720,1300,200,8,2,3500,17,1300,华为,Mate 7 青春版,37,26
416,5.5,1536,2070,500,8,3,3350,19,1350,魅族,MX4 Pro,360,289
419,5.0,720,800,200,4,1,2000,13,250,语信,红辣椒,36,14
667,4.7,720,800,500,4,1,2260,18,1450,vivo,Y927,36,23
714,5.0,540,800,30,4,1,2000,24,450,华为,C8816,36,8
1053,5.7,1440,1600,370,4,3,3000,20,1950,三星,Galaxy Note 4,350,278
716,5.0,720,800,200,4,1,2000,20,550,华为,C8817E,35,14
873,5.15,1080,1600,400,4,4,3000,3,2650,小米,MI 5,35,30
1058,5.5,720,1300,500,4,2,3000,7,950,三星,Galaxy On7,35,22
414,5.1,1080,800,200,4,2,2400,32,1250,魅族,MX3,346,246
46,5.5,1080,1300,500,8,2,3060,13,750,纽曼,纽扣,34,24
552,4.7,720,800,200,4,1,2000,40,1950,OPPO,R819T,34,18
613,5.0,720,1300,500,8,1,2000,27,1950,vivo,X3S,34,23
1004,4.5,540,500,30,4,1,2100,28,550,三星,G3818,34,8
1028,5.0,480,800,200,1,1,2100,36,800,三星,Galaxy Grand,34,12
1057,5.0,720,800,500,4,0,2600,7,600,三星,Galaxy On5,34,14
625,5.2,1080,1300,800,8,4,2400,5,2250,vivo,X6 L,33,27
743,5.5,720,1300,500,8,2,3000,16,700,华为,麦芒3S,33,19
856,4.7,720,800,130,4,1,2000,40,650,小米,红米,322,145
477,5.0,1080,400,500,4,2,2600,13,1150,HTC,One M8,32,24
679,4.7,720,1300,500,4,2,2000,30,1100,努比亚,Z5S Mini,32,17
1199,5.5,1080,1300,500,8,3,3000,16,900,乐视,超级手机1,310,236
500,5.2,1080,1300,210,4,2,3000,33,1400,LG,G2,31,25
506,4.95,1080,800,130,4,2,2300,31,1050,LG,Nexus 5,31,21
515,4.5,480,500,200,4,1,1800,18,800,OPPO,1105,31,6
638,4.5,480,500,200,4,0.75,1900,11,700,vivo,Y13iL,31,13
665,4.5,480,500,200,4,1,1900,16,1150,vivo,Y913,31,10
736,5.5,1080,1300,500,8,3,3000,7,1100,华为,荣耀畅玩5X,308,180
778,6.0,1080,1600,800,8,4,4000,6,2850,华为,Mate 8,308,233
878,5.7,1440,1300,400,8,4,3090,12,1850,小米,note顶配版,303,280
51,4.7,720,1300,1300,8,0,2160,13,1800,美图,M4,30,21
116,4.5,540,800,0,4,1,2000,40,500,联想,A820t,30,7
13,5.0,1080,1400,500,8,2,2000,25,350,神舟,X50TS,3,1
26,4.0,540,800,30,1,1,1305,49,1350,索尼,Xperia P,3,0
29,4.6,720,800,30,1,1,2300,39,950,索尼,Xperia SP,3,1
41,5.2,1080,2070,500,8,3,2930,11,2350,索尼,Xperia Z3+ Dual,3,3
86,4.0,480,500,0,1,0.5,1500,40,350,联想,A390t,3,1
88,4.5,480,500,30,4,0.5,2000,33,350,联想,A398t+,3,1
94,4.5,480,500,0,1,0.5,1700,40,350,联想,A630t,3,0
98,5.0,480,500,0,4,0.5,2000,40,500,联想,A680,3,1
101,4.5,480,500,30,4,1,2000,40,750,联想,A706,3,0
110,4.0,480,500,30,1,0.5,2000,52,500,联想,A789,3,2
111,4.5,480,500,30,1,0.5,2000,52,600,联想,A798t,3,2
139,5.5,1080,1300,200,1,2,2500,40,1600,联想,K900,3,3
156,4.5,540,800,130,1,0.5,2000,52,700,联想,S720,3,0
157,4.5,540,800,130,1,1,2000,42,700,联想,S720i,3,0
164,5.0,720,800,800,8,1,1880,20,500,联想,S858t,3,2
165,5.5,720,800,0,4,1,0,21,550,联想,S860e,3,1
176,6.0,720,800,160,8,1,0,40,750,联想,S939,3,3
212,5.0,540,500,200,4,1,2000,26,1150,酷比,S1,3,0
214,5.0,720,800,200,4,1,2000,12,550,酷比,S3,3,1
216,5.0,720,800,500,4,1,2350,1,550,酷比,S6,3,2
229,5.0,480,500,30,4,1,0,6,350,酷派,5263S,3,0
243,5.5,720,800,200,4,1,2500,16,500,酷派,5956,3,2
249,5.0,480,500,0,4,0.5,2000,21,450,酷派,7270-W00,3,2
258,5.5,720,1300,200,8,1,2500,28,400,酷派,7320,3,0
275,5.0,480,500,30,1,1,2000,40,550,酷派,8195,3,1
277,5.0,480,500,0,4,0.5,2000,28,400,酷派,8295,3,1
279,4.5,480,500,30,4,0.5,1900,19,250,酷派,8702D,3,1
332,4.7,720,800,200,4,1,1800,40,1450,金立,E3,3,3
391,5.5,1080,1300,500,8,2,3050,11,950,蓝魔,Mos1,3,3
431,4.7,540,800,800,4,1,1900,14,350,语信,小辣椒 X3,3,1
460,5.0,720,800,200,8,1,2000,28,450,HTC,Desire 616,3,3
468,5.0,540,500,30,4,0.5,1950,26,350,HTC,Desire D516t,3,1
481,5.0,1080,1300,400,8,2,2840,18,2250,HTC,One M9e,3,2
486,5.5,1080,1300,500,8,3,3000,5,1900,HTC,One X9,3,3
558,4.5,480,500,200,4,1,1900,21,1050,OPPO,R830S,3,0
562,4.7,540,800,200,4,1,2000,40,1600,OPPO,R850,3,2
583,4.5,480,500,30,4,0.5,2000,22,200,TCL,P331M,3,0
711,4.5,480,500,30,4,1,1700,40,850,华为,C8813DQ,3,1
747,4.5,480,500,30,4,0.5,1700,40,750,华为,G520-0000,3,0
749,4.5,480,500,30,4,0.5,1700,40,800,华为,G520-T10,3,2
758,5.0,480,500,0,4,0.5,2100,19,450,华为,G616-L076,3,2
787,5.7,1440,1200,800,8,3,3450,8,3300,华为,Nexus 6P,3,3
790,5.2,1080,1200,800,8,4,3000,1,3400,华为,P9,3,1
828,4.5,540,800,300,4,1,2050,38,850,夏新,N828,3,2
829,5.0,540,500,200,8,0,1900,14,450,大Q,雷霆战机,3,2
917,4.5,540,500,500,4,1,1800,24,650,朵唯,D330,3,1
922,5.5,720,800,800,4,2,2340,19,1250,朵唯,L1,3,0
929,5.3,720,800,800,4,1,2460,20,1050,朵唯,S3,3,1
933,4.7,720,800,500,4,1,2000,21,750,朵唯,T35,3,1
937,5.0,720,1300,500,4,2,2000,13,1100,朵唯,倾城L3C,3,2
970,5.0,540,800,30,4,1,2000,35,600,海信,EG970,3,1
977,5.0,720,800,200,4,1,2200,21,550,海信,I630T,3,2
978,5.5,720,800,500,4,1,2500,11,450,海信,I635T,3,1
981,5.0,854,500,30,4,0.5,3900,9,250,海信,M20-M,3,0
990,5.5,540,800,200,4,1,2500,21,500,海信,X68T,3,2
1060,4.0,480,500,130,1,0.75,1500,52,1350,三星,Galaxy S Advance,3,2
1136,5.0,720,800,500,4,1,4080,7,400,中兴,远航3,3,2
1144,5.7,720,800,100,4,1,3200,32,600,中兴,memo 5S,3,0
1156,4.5,480,500,0,4,0.5,1650,23,300,中兴,Q507T,3,1
1157,5.0,720,500,200,4,1,4000,12,300,中兴,Q519T,3,2
1170,5.0,480,500,0,1,0.5,2000,32,400,中兴,U879,3,1
1187,5.0,720,1300,800,4,2,2800,6,550,中兴,小鲜3,3,1
1191,5.0,720,800,500,4,1,4080,7,400,中兴,中兴远航3,3,2
1206,5.5,720,1300,500,4,1,4000,16,950,亿通,I95,3,3
1009,5.5,1080,1300,500,8,2,2600,16,950,三星,Galaxy A7,298,235
406,5.5,1080,1300,500,8,2,3140,7,950,魅族,魅蓝metal,296,246
523,4.5,480,800,200,4,1,2000,13,950,OPPO,A31,291,140
170,5.3,720,1300,200,4,1,2000,32,350,联想,S898t,29,15
184,5.0,1080,1300,500,8,2,2300,20,450,联想,VIBE X2,29,18
341,5.0,1080,1300,500,8,2,2300,27,2250,金立,ELIFE S5.5,29,18
567,5.5,720,800,500,4,1,3000,40,1750,OPPO,U707T,29,8
322,5.0,720,1300,500,8,2,2500,28,500,酷派,大神F1,286,154
1065,4.8,720,800,190,1,2,2100,52,1950,三星,Galaxy S3,286,146
788,5.0,720,1300,500,8,2,2200,12,1250,华为,P8 Lite,283,198
701,5.0,720,800,130,4,2,2150,40,1050,华为,Ascend G700,28,10
796,4.5,720,800,130,4,0,2230,42,1250,华为,U9508,28,15
744,5.5,1080,1300,500,8,3,3000,10,1600,华为,麦芒4,272,213
371,5.0,1080,1300,500,4,2,2450,27,1250,金立,S5.5L,27,13
390,5.5,1440,1300,400,4,3,3000,21,950,艾优尼,U3,27,23
505,4.7,768,800,130,4,2,2100,52,1600,LG,Nexus 4,27,20
610,4.7,720,800,130,4,1,2000,38,1750,vivo,X1ST,27,14
694,5.5,1080,1300,500,4,4,3000,14,1350,华硕,ZenFone 2,27,21
1032,5.0,480,500,30,4,1,2100,26,500,三星,Galaxy Grand Neo Plus,27,9
1179,5.0,720,1300,500,4,1,2400,19,350,中兴,V5S,27,12
530,5.5,1440,1300,500,4,3,3000,26,2450,OPPO,Find 7,264,189
1029,5.25,720,800,190,4,0,2600,20,650,三星,Galaxy Grand 2,264,151
119,5.5,540,500,30,4,1,2250,34,350,联想,A850,26,10
556,4.7,540,800,200,4,1,2000,29,1500,OPPO,R827T,26,11
699,4.5,540,800,500,4,1,2000,24,750,华为,Ascend G6,26,9
1141,5.5,1080,1300,500,4,3,3100,28,2000,中兴,Grand S 2,26,14
624,5.2,1080,1300,800,8,4,2400,5,2350,vivo,X6 D,258,215
536,5.0,720,1300,500,8,2,2420,16,1550,OPPO,R1C,257,189
731,5.0,720,800,200,4,1,2000,20,550,华为,荣耀畅玩4,255,89
38,5.2,1080,2070,220,4,3,3100,27,2050,索尼,Xperia Z3,25,16
368,6.0,1080,1300,500,8,3,5020,5,2450,金立,M5 Plus,25,17
1007,4.5,540,800,500,4,1,1900,16,750,三星,Galaxy A3,25,10
1124,5.0,720,1300,500,4,2,2400,26,350,中兴,9180,25,9
1074,5.1,1440,1600,500,8,3,2600,14,3750,三星,Galaxy S6 Edge,248,211
861,5.5,720,1300,500,4,1,3100,14,650,小米,红米note,2443,1418
700,5.0,1080,1300,800,4,2,2500,24,750,华为,Ascend G7,244,160
102,5.5,540,500,200,4,1,2000,28,550,联想,A708t,24,16
131,6.0,720,1300,500,8,2,3300,15,450,联想,黄金斗士Note8,24,16
421,5.5,720,1300,500,8,2,3100,14,550,语信,红辣椒Note,24,11
666,4.5,480,500,200,4,1,1900,12,700,vivo,Y923,24,17
698,5.0,720,800,130,4,2,2150,37,1250,华为,A199,24,12
785,6.1,720,800,100,4,1,4050,40,1300,华为,MT1-U06,24,7
840,5.0,480,500,30,4,1,2000,28,250,天语,Touch 3,24,12
1036,5.0,720,800,500,4,0,2600,6,650,三星,Galaxy J3,24,16
1132,5.0,720,1300,500,4,2,2400,26,350,中兴,红牛V5,24,8
612,5.0,720,800,500,4,2,2360,25,1950,vivo,X3L,236,167
1008,5.0,720,1300,500,4,2,2300,20,1000,三星,Galaxy A5,236,167
866,4.3,720,800,200,4,2,2000,43,1900,小米,MI 2,230,137
319,5.5,540,800,200,4,1,2500,16,550,酷派,Y80D,23,14
342,5.0,720,800,500,4,3,4000,4,1350,金立,金钢,23,15
352,4.7,0,500,200,4,1,1800,22,550,金立,GN151,23,8
453,4.7,1080,400,210,4,2,2300,37,750,HTC,802w,23,17
668,4.7,540,800,500,4,1,2100,16,1450,vivo,Y928,23,12
868,4.3,720,800,200,4,2,2000,43,2150,小米,MI 2C,23,13
1073,5.1,1440,1600,500,8,3,2550,14,2550,三星,Galaxy S6,228,190
617,5.0,720,1300,500,8,2,2300,12,1750,vivo,X5M,224,139
619,5.5,1080,1300,500,8,3,2300,10,2950,vivo,X5Max+,224,172
871,5.0,1080,1300,800,4,3,3080,19,1150,小米,MI 4,2232,1812
74,4.5,480,500,30,4,0.5,2250,23,300,联想,A360t,22,4
315,5.5,720,800,200,4,1,2500,23,450,酷派,T1,22,13
346,4.7,720,800,500,4,1,2000,19,450,金立,F301,22,12
560,4.5,480,500,200,1,0.5,1900,29,750,OPPO,R831T,22,7
641,4.5,480,800,200,4,0,1900,40,1450,vivo,Y15,22,10
786,6.1,720,1300,500,4,2,4050,26,750,华为,MT2-C00,22,14
805,4.5,480,300,30,1,0.5,0,40,400,华为,Y511-T00,22,4
996,5.2,1080,1300,500,8,3,2900,3,1350,三星,2016版 Galaxy A5,22,16
1055,8.0,800,500,130,4,2,4600,40,2250,三星,Galaxy Note 8.0,22,13
1059,4.65,720,800,190,1,1,2100,52,1450,三星,Galaxy Premier,22,15
1118,3.7,480,1300,200,4,2,1900,30,5350,三星,W2014,22,12
621,5.0,720,1300,500,8,2,2250,16,1950,vivo,X5SL,210,145
726,5.0,720,800,200,4,2,2200,10,650,华为,荣耀4A,210,86
22,5.0,540,800,30,4,1,2330,35,850,索尼,Xperia C,21,7
92,5.5,480,500,200,4,1,2250,17,250,联想,A5800-D,21,14
261,5.5,540,800,200,4,1,2500,26,400,酷派,7620l,21,9
471,5.0,1080,1300,500,4,2,2600,24,950,HTC,M8St,21,15
554,4.0,480,300,30,1,0.5,1700,40,800,OPPO,R821T,21,11
649,4.5,480,800,500,4,1,1900,28,1150,vivo,Y22L,21,5
683,5.2,1080,1600,800,8,4,2900,12,3950,努比亚,Z9,21,16
815,5.0,480,500,200,4,1,2000,17,600,华为,Y635,21,5
875,4.0,480,800,0,1,1,1930,64,1250,小米,MI One Plus,21,15
730,5.2,1080,1300,0,8,3,3090,9,1500,华为,荣耀7i,204,158
291,5.5,540,800,200,4,1,2500,25,450,酷派,8729,20,3
603,4.0,480,500,200,1,0.5,1500,40,950,vivo,S7I,20,6
643,4.7,720,800,500,4,1,2000,40,1750,vivo,Y17W,20,7
760,5.0,720,800,200,8,1,2000,16,550,华为,G628,20,7
769,5.5,540,500,30,4,1,0,30,650,华为,G730-U00,20,11
1101,4.5,540,500,30,4,1,2100,30,800,三星,Galaxy Win Pro,20,10
1138,5.0,720,800,500,1,2,2300,21,500,中兴,G718C,20,12
1194,5.0,720,800,120,4,1,2500,24,650,中国移动,M811,20,4
39,4.6,720,2070,210,4,2,2600,20,2950,索尼,Xperia Z3 Compact,2,1
43,5.5,2160,2300,510,8,3,3430,7,3350,索尼,Xperia Z5 Premium,2,2
63,4.5,480,500,30,4,0.5,2000,6,250,联想,A2860,2,0
66,4.0,480,200,0,1,0.25,0,40,250,联想,A318t,2,0
69,5.0,480,200,0,1,0.5,2000,18,200,联想,A330e,2,1
70,4.5,480,500,30,4,0.5,2000,24,200,联想,A338t,2,1
103,4.0,480,500,30,1,0.5,2000,50,500,联想,A750,2,0
107,5.0,540,500,0,4,1,2000,33,250,联想,A770e,2,0
124,6.0,540,800,30,4,1,2500,28,650,联想,A889,2,0
127,5.0,1080,1300,500,8,2,2300,20,450,联想,联想VIBE X2,2,1
130,5.5,720,1300,200,8,1,2500,21,400,联想,黄金斗士青春版,2,2
150,4.7,540,800,30,4,1,2000,40,700,联想,S650,2,1
168,5.0,480,500,30,1,0.5,2250,52,750,联想,S880,2,1
173,5.0,720,1300,800,4,2,2300,15,800,联想,S90-u,2,1
192,5.0,720,800,500,4,2,2300,5,450,联想,乐檬K31,2,0
193,5.5,1080,2100,800,1,3,3600,6,1250,联想,乐檬X3,2,2
196,4.5,480,800,500,4,1,3500,13,550,邦华,U7,2,0
197,5.0,540,0,0,4,0.5,2000,30,1050,邦华,V9,2,1
208,5.5,1080,1300,500,8,2,3000,1,1450,酷比,H7,2,2
210,5.5,1080,1300,1300,8,2,2700,21,950,酷比,MAX3,2,0
230,5.0,480,500,0,1,0.5,2000,22,350,酷派,5311,2,1
232,5.0,480,500,30,4,0.5,2000,17,300,酷派,5316,2,1
236,4.5,540,300,30,1,0.5,1700,40,350,酷派,5876,2,0
244,4.5,480,300,0,4,0.5,1750,16,250,酷派,7105,2,0
248,5.0,480,500,0,4,0.5,2000,29,500,酷派,7270,2,1
260,5.0,540,500,200,4,1,2000,17,350,酷派,7605,2,0
262,4.0,480,200,0,4,0.5,1650,22,200,酷派,8017,2,0
281,4.5,480,200,30,4,0.5,1800,14,250,酷派,8707,2,0
290,5.0,720,800,200,1,1,2000,3,350,酷派,8722,2,1
299,5.0,720,500,30,4,1,2000,40,600,酷派,炫影S+,2,1
302,5.0,540,800,200,4,1,1800,7,350,酷派,锋尚Air,2,0
330,5.98,1440,1300,500,4,3,3000,21,2050,酷派,大观铂顿,2,1
331,5.5,720,500,200,4,1,2500,28,350,酷派,春雷HD,2,0
357,4.46,480,500,30,4,0,1800,40,1250,金立,GN705T,2,0
358,4.7,720,800,200,4,1,2100,25,1350,金立,GN706L,2,1
366,5.0,720,800,500,4,0,5000,9,750,金立,M3S,2,2
436,4.3,480,500,30,1,1,1800,27,450,诺基亚,X2,2,1
449,4.3,480,500,210,1,1,2100,40,750,HTC,603e,2,2
455,5.0,1080,400,210,4,2,2300,33,1200,HTC,Butterfly s,2,1
456,5.0,540,500,200,4,1,1950,26,450,HTC,D516w,2,1
462,5.0,540,800,210,4,1,2100,32,600,HTC,Desire 7088,2,1
474,5.0,1080,1300,400,8,3,2150,4,2550,HTC,One A9,2,1
484,4.3,540,800,30,1,1,1650,49,1600,HTC,One S,2,2
491,4.3,480,500,0,1,1,1800,43,900,HTC,T528d,2,1
508,5.9,1080,1300,210,4,3,3200,28,2550,LG,Optimus G Pro 2,2,2
509,4.5,720,800,130,1,1,1830,56,1350,LG,Optimus LTE,2,1
510,4.7,720,800,130,4,1,2150,52,1500,LG,P880,2,0
557,4.5,480,500,200,1,0.5,1900,24,650,OPPO,R830,2,0
564,6.0,1080,1600,1600,8,4,4120,2,2950,OPPO,R9 Plus,2,1
581,5.0,480,500,30,4,1,1800,12,400,TCL,P316L,2,0
593,5.0,720,800,0,4,1,2150,26,1250,TCL,S838M,2,2
597,5.0,720,800,800,4,2,2000,5,500,TCL,乐玩2C,2,0
599,4.3,480,800,130,1,1,2500,52,1950,vivo,E5,2,1
604,4.0,480,500,200,1,0.5,1500,40,1050,vivo,S7T,2,1
606,4.5,540,800,200,1,1,2000,40,1650,vivo,S9T,2,0
704,4.3,540,800,130,1,1,1670,52,1200,华为,Ascend P1,2,1
754,5.0,540,500,0,1,0.5,2150,40,500,华为,G606,2,1
780,0,0,0,0,4,0,0,39,2050,华为,MediaPad 10 Link,2,1
801,4.0,480,200,0,1,0.5,1350,31,400,华为,Y321C,2,1
842,5.7,720,800,100,4,1,2800,40,1050,天语,Touch V,2,0
890,5.0,720,1300,800,4,1,2150,6,750,康佳,R1,2,2
892,4.8,720,1300,130,4,1,2200,36,650,康佳,V981,2,0
912,0,0,0,0,4,0,0,7,750,昂达,V919,2,1
919,5.5,540,800,500,4,1,1950,40,1350,朵唯,D800,2,0
921,5.0,720,800,800,4,1,1750,30,1950,朵唯,iSuper S2,2,1
924,5.2,720,1300,500,4,2,2330,7,950,朵唯,L5 mini,2,1
925,5.5,1080,1300,800,8,3,2900,9,1950,朵唯,L5 Plus,2,1
926,5.2,1080,1300,800,8,2,2500,7,1750,朵唯,L5Pro,2,2
927,5.0,720,800,500,4,1,2000,28,1550,朵唯,S2L,2,0
934,5.5,540,800,500,4,1,2500,23,950,朵唯,T60,2,2
1011,3.5,320,500,0,1,0.146484375,1350,57,550,三星,Galaxy Ace,2,1
1012,3.8,480,500,30,1,0.75,1500,52,850,三星,Galaxy Ace 2,2,0
1014,4.0,480,300,0,1,0.5,1500,18,300,三星,Galaxy Ace 4,2,0
1027,3.7,480,800,190,1,2,1820,33,3300,三星,Galaxy Golden,2,1
1034,4.0,480,300,0,1,0.75,1500,40,550,三星,Galaxy Infinite,2,0
1094,4.0,480,300,0,1,0.5,1500,52,800,三星,Galaxy Trend,2,1
1104,4.2,480,500,30,1,1,1650,52,1200,三星,I9050,2,0
1105,5.0,480,500,0,1,0.75,2100,31,350,三星,I9118,2,1
1109,4.0,480,300,0,1,0.75,1500,40,600,三星,S7566,2,0
1139,5.7,720,1300,130,4,2,3200,40,1000,中兴,Grand Memo,2,1
1154,5.5,480,500,0,4,0,2050,36,300,中兴,Q503U,2,0
1159,5.5,540,500,30,4,1,2050,26,300,中兴,Q701C,2,0
1164,4.0,480,300,0,1,0.5,1600,46,400,中兴,U795+,2,1
1193,4.0,480,300,0,1,0.5,1500,33,400,中国移动,M601,2,0
1075,5.7,1440,1600,500,8,4,3000,9,3450,三星,Galaxy S6 Edge+,196,163
394,5.5,1080,1300,500,8,2,2900,9,750,锤子,坚果手机,194,164
158,5.5,720,800,160,4,1,2500,23,400,联想,S810t,19,9
303,5.5,1080,1300,500,8,4,2800,4,2450,酷派,锋尚Max,19,17
713,5.0,540,500,30,4,1,2100,40,700,华为,C8815,19,2
995,5.0,1080,1300,800,4,3,2525,7,1450,一加,X,19,14
1119,3.9,768,1600,200,4,2,1900,17,7450,三星,W2015,19,11
1200,5.5,1440,1300,400,8,4,3000,16,1100,乐视,超级手机1 Pro,184,156
540,5.0,720,800,500,4,2,2420,23,1600,OPPO,R3,180,119
123,6.0,540,500,30,4,1,2500,40,700,联想,A880,18,12
242,5.5,720,800,200,4,1,2500,29,400,酷派,5951,18,5
280,4.7,480,500,200,4,1,2000,27,350,酷派,8705,18,6
475,5.0,1080,1300,500,4,2,2600,24,750,HTC,One E8,18,14
555,4.0,480,500,30,4,1,1710,40,1100,OPPO,R823T,18,6
611,5.0,720,800,500,4,2,2360,21,1450,vivo,X3F,18,11
763,5.0,720,800,100,4,1,2300,23,600,华为,G660-L075,18,5
768,5.5,540,500,30,4,1,0,29,650,华为,G730-T00,18,7
902,4.7,720,1000,200,1,2,2200,33,1100,摩托罗拉,Moto X,18,13
1103,4.3,480,500,0,1,0,1700,40,500,三星,I8268,18,4
651,4.7,720,800,500,4,1,2260,20,1250,vivo,Y27,177,96
327,5.5,720,1300,500,8,3,3000,4,950,酷派,大神Note3,173,119
650,4.5,480,500,200,4,1,1900,17,750,vivo,Y23L,170,83
846,5.5,1080,1300,800,8,3,3000,9,850,奇酷,青春版,170,132
292,5.5,720,800,200,4,1,2500,29,550,酷派,8730L,17,7
326,5.5,540,800,500,4,1,2500,23,500,酷派,大神Note,17,8
466,5.5,1080,1300,1300,8,2,2600,16,650,HTC,Desire 826,17,11
634,4.0,480,500,200,1,0.5,1700,40,850,vivo,Y11,17,9
669,5.5,720,1300,500,8,2,2720,9,1750,vivo,Y937,17,12
771,4.7,720,1310,100,4,2,2230,40,800,华为,HN3-U01,17,9
23,5.5,720,800,500,4,1,2500,22,800,索尼,Xperia C3,16,11
162,5.0,720,1300,500,4,1,2150,27,350,联想,S850t,16,10
182,5.0,1080,1600,800,8,3,3000,14,800,联想,Vibe Shot,16,15
365,5.0,720,800,500,4,0,5000,11,750,金立,M3,16,10
566,4.5,540,800,500,1,1,2020,41,1550,OPPO,U705T,16,5
635,4.0,480,500,200,4,0.5,1700,40,950,vivo,Y11IT,16,7
645,4.5,540,800,500,4,1,2000,40,1950,vivo,Y19T,16,3
648,4.5,480,800,500,4,1,1900,28,1350,vivo,Y22IL,16,7
686,5.0,1080,1600,800,8,3,2900,7,1150,努比亚,Z9 mini 精英版,16,14
1077,5.5,1440,1200,500,4,4,3600,3,4650,三星,Galaxy S7 Edge,16,14
1082,0,0,0,0,1,0,0,34,1450,三星,Galaxy Tab 3 8.0,16,11
324,5.5,720,1300,500,8,2,2500,17,800,酷派,大神F2,159,108
1010,5.7,1080,1600,500,8,2,3050,10,1650,三星,Galaxy A8,155,113
1051,5.7,1080,1300,200,4,3,3200,33,1100,三星,Galaxy Note 3,1530,1152
537,5.0,720,1300,500,4,1,2410,25,1500,OPPO,R1S,151,113
630,6.0,1440,1300,500,4,3,3200,29,2450,vivo,Xplay3S,151,117
867,4.5,720,800,200,1,1,2030,37,650,小米,MI 2A,151,76
121,5.0,720,800,500,4,1,2150,20,400,联想,A858t,15,8
141,5.0,720,1300,500,4,2,4000,26,550,联想,P70,15,10
251,5.0,540,500,30,4,1,2000,38,500,酷派,7295,15,8
312,5.5,540,800,200,4,1,2500,26,400,酷派,K1,15,7
347,4.7,720,800,500,4,1,2000,11,750,金立,F303,15,11
461,5.0,720,1300,500,8,2,2000,16,900,HTC,Desire 626,15,11
674,5.2,1080,1300,800,8,3,2200,10,1200,努比亚,My 布拉格,15,11
678,5.0,1080,1300,500,4,2,2300,30,1950,努比亚,Z5S,15,8
1155,4.5,480,500,30,4,1,2000,24,250,中兴,Q505T,15,1
727,5.0,1080,1300,500,8,3,3100,23,1250,华为,荣耀6,1469,1108
705,4.7,720,800,500,4,2,2000,36,800,华为,Ascend P6,146,80
616,5.0,720,1300,500,8,2,2250,21,2250,vivo,X5L,142,100
524,5.0,540,800,500,4,2,2400,7,800,OPPO,A33,141,96
129,5.0,720,1300,500,8,2,2500,21,500,联想,黄金斗士A8,140,82
191,5.5,1080,1300,500,8,2,3000,9,600,联想,乐檬K3 Note,140,102
34,6.44,1080,800,200,4,2,3000,35,1500,索尼,Xperia Z Ultra,14,10
62,4.0,480,200,30,4,0.5,1700,13,250,联想,A2800d,14,9
151,4.7,540,800,30,4,1,2000,40,550,联想,S658t,14,9
254,5.0,540,500,30,4,1,1800,30,500,酷派,7295C,14,5
378,5.0,720,800,200,4,1,5200,19,650,金立,V188S,14,7
596,5.0,720,800,800,4,1,2000,12,400,TCL,乐玩,14,2
703,6.0,720,800,200,4,1,3500,17,600,华为,Ascend GX1,14,7
774,6.1,720,800,100,4,2,4050,40,1250,华为,Mate,14,6
1045,4.65,720,500,130,1,1,1750,54,1200,三星,Galaxy Nexus,14,6
1189,5.0,1080,800,500,4,2,2300,25,450,中兴,星星1号,14,9
323,5.0,720,800,500,4,1,2500,18,500,酷派,大神F1Plus,139,74
870,5.0,1080,1300,200,4,2,3050,32,700,小米,MI 3,1372,912
1033,5.0,540,800,500,4,1,2600,18,750,三星,Galaxy Grand Prime,136,58
344,5.0,720,800,500,4,1,2400,11,750,金立,F103,134,83
531,5.0,720,1300,1300,4,2,2140,21,1250,OPPO,N1 Mini,132,105
114,4.5,540,800,0,4,1,2000,40,700,联想,A820,13,2
138,5.0,720,800,200,4,2,2250,52,1550,联想,K860i,13,9
186,5.5,720,1300,800,4,2,3000,20,650,联想,VIBE Z2,13,8
255,5.5,540,500,30,4,1,2500,40,600,酷派,7296,13,6
454,5.0,1080,800,210,4,2,2020,42,950,HTC,Butterfly,13,8
470,5.0,1080,400,500,4,2,2600,13,1150,HTC,M8,13,13
816,5.0,480,500,200,4,1,2000,14,500,华为,Y635-TL00,13,5
1127,5.5,1440,1300,800,8,4,3000,10,2650,中兴,Axon天机,13,12
1140,6.0,720,1300,500,8,2,3200,28,850,中兴,Grand Memo 2,13,11
719,5.0,720,1300,500,4,2,4000,7,700,华为,畅享5,129,96
993,5.5,1080,1300,500,4,3,3100,25,1700,一加,One,129,102
776,6.0,1080,1300,500,8,3,4100,20,1600,华为,Mate 7,1286,1060
685,5.0,1080,1600,800,8,3,2900,6,1650,努比亚,Z9 mini,126,91
734,5.5,720,1300,500,8,2,3000,11,650,华为,荣耀畅玩4X,1258,634
392,4.95,1080,1278,503,4,2,2570,24,2050,锤子,T1,125,105
1041,5.8,540,800,190,1,0,2600,33,1200,三星,Galaxy Mega 5.8,124,65
720,5.0,720,1300,500,8,2,2200,5,850,华为,畅享5S,122,85
60,4.5,480,500,0,4,1,2000,8,300,联想,A2580,12,4
125,6.0,540,500,30,1,1,2500,25,350,联想,A890e,12,4
172,5.0,720,1300,800,4,2,2300,15,650,联想,S90-t,12,10
278,4.5,480,500,0,4,0.5,1900,24,300,酷派,8702,12,4
297,7.0,1200,1300,500,8,2,4000,22,1100,酷派,9976A,12,7
307,4.7,540,800,500,4,1,1800,16,750,酷派,ivvi K1 mini,12,7
321,7.0,1200,1300,500,8,2,4000,17,650,酷派,大神1s,12,8
503,5.5,1440,1600,800,1,3,2900,12,2500,LG,G4,12,10
563,5.5,1080,1300,1600,8,4,2850,2,2450,OPPO,R9,12,9
882,5.0,1080,1300,500,8,2,2000,27,650,尼比鲁,火星一号,12,3
1023,4.5,480,500,200,4,1,2000,20,550,三星,Galaxy Core Prime,12,5
1063,4.65,720,800,200,1,1,1850,56,1200,三星,Galaxy S2 HD LTE E120S,12,5
1078,4.3,480,500,0,1,0.75,1700,38,600,三星,Galaxy Style DUOS,12,7
418,5.7,1080,2116,500,8,4,3050,8,2450,魅族,PRO5,119,114
628,5.2,1080,1300,800,4,3,2600,24,2950,vivo,X710L,117,91
862,5.5,1080,1300,500,8,2,3060,9,750,小米,红米Note2,1136,868
629,5.7,1080,1300,500,4,2,3400,40,2300,vivo,Xplay,113,70
404,5.0,768,1300,500,4,1,2500,16,550,魅族,魅蓝,112,64
614,5.0,720,800,500,4,1,2000,40,2450,vivo,X3T,111,64
31,6.0,720,1300,110,4,1,3000,22,1150,索尼,Xperia T2 Ultra,11,2
313,5.95,720,1300,500,4,2,2800,27,600,酷派,S6,11,4
334,5.0,1080,1300,500,4,2,2000,35,2250,金立,E6,11,8
548,4.7,720,800,200,4,1,2000,40,1950,OPPO,R809T,11,8
594,5.5,720,1300,500,8,2,3300,26,950,TCL,么么哒,11,4
712,4.5,480,500,30,4,1,1700,40,700,华为,C8813Q,11,4
715,5.0,540,800,30,4,1,2000,26,650,华为,C8816D,11,3
838,4.5,480,0,0,4,1,2000,28,850,天语,Touch 2,11,3
1013,4.0,480,300,0,1,0.75,1500,40,400,三星,Galaxy Ace 3,11,4
1018,4.52,480,800,0,4,1,2000,22,650,三星,Galaxy Core 4G,11,7
1098,4.0,480,300,0,1,0.75,1500,20,500,三星,Galaxy Trend DUOS 2,11,3
1110,4.0,480,300,0,1,0.75,1500,43,400,三星,S7568,11,1
1117,3.7,480,800,190,4,1,1820,40,4350,三星,W2013,11,2
1125,5.0,720,800,800,4,1,2300,19,400,中兴,A880,11,3
1162,5.0,720,500,30,4,1,2300,25,300,中兴,Q802T,11,6
1185,5.5,1080,1300,500,8,2,3000,10,550,中兴,威武3,11,10
1190,5.0,1080,1300,500,4,2,2300,17,500,中兴,星星2号,11,10
728,5.5,1080,800,800,8,3,3600,17,1100,华为,荣耀6 Plus,1089,756
190,5.0,720,800,200,4,2,2300,14,450,联想,乐檬K3,107,64
740,7.0,1200,1300,500,8,3,5000,14,1550,华为,荣耀X2,107,89
413,4.4,800,800,92,4,2,1900,41,650,魅族,MX2,106,65
671,5.5,1080,1300,800,4,3,4100,9,1350,ZUK,Z1,105,92
656,5.0,720,1300,500,4,2,2200,11,1550,vivo,Y35,102,78
622,5.0,720,1300,500,8,2,2250,17,1750,vivo,X5V,100,64
85,5.0,480,500,200,4,1,2300,13,300,联想,A3900,10,4
239,5.5,540,800,200,4,1,2500,26,450,酷派,5891Q,10,4
240,5.0,480,500,30,4,1,2000,28,350,酷派,5892,10,5
241,5.5,540,500,200,4,1,2500,34,600,酷派,5950,10,1
485,4.7,720,800,130,4,1,1800,52,2100,HTC,One X,10,3
608,4.7,540,800,130,1,1,2000,42,2000,vivo,X1,10,3
688,5.5,1080,1300,500,8,3,5000,3,1750,华硕,飞马,10,5
811,4.5,480,500,200,4,1,2000,11,550,华为,Y560-CL00,10,5
872,5.0,1080,1300,500,1,3,3260,3,1500,小米,MI 4S,10,6
1002,4.7,480,500,0,4,1,0,23,650,三星,G3588V,10,2
1003,4.5,480,500,200,4,0.75,2000,20,550,三星,G3609,10,1
1039,4.8,720,2070,200,1,2,2430,22,1900,三星,Galaxy K Zoom,10,8
1070,4.3,540,1600,190,1,0,2330,35,1100,三星,Galaxy S4 Zoom,10,3
1095,4.0,480,300,0,1,0.75,1500,37,450,三星,Galaxy Trend 2,10,2
1097,4.0,480,500,30,1,0.75,1500,52,600,三星,Galaxy Trend DUOS,10,4
1129,5.0,720,1300,800,4,2,2800,5,450,中兴,Blade A1,10,7
1197,5.5,1080,1300,500,8,2,3500,9,1050,中国移动,N1 max,10,6
20,4.0,480,810,0,1,0.375,1500,74,1100,索尼,X10i,1,1
21,4.3,720,1210,130,1,1,1840,45,2150,索尼,Xperia acro S,1,0
24,4.6,720,1200,130,1,1,1900,52,2100,索尼,Xperia ion,1,0
25,4.0,480,500,30,1,0.5,1700,52,850,索尼,Xperia J,1,0
30,4.6,720,1300,130,1,1,1780,52,2000,索尼,Xperia T,1,1
45,4.6,720,1300,30,4,2,2300,36,1500,索尼,Xperia ZR ,1,1
52,4.7,720,1300,1300,8,3,2160,6,2250,美图,M4s,1,1
58,0,0,0,0,4,0,0,16,5250,E人E本,T9,1,1
61,3.5,320,200,0,1,0.25,1300,40,250,联想,A269i,1,0
64,4.0,480,320,0,1,0.5,1500,52,300,联想,A298t,1,1
72,4.0,480,320,0,1,0.5,1500,40,500,联想,A356,1,1
75,3.5,320,320,30,1,0.5,1300,52,500,联想,A366t,1,1
77,4.0,480,320,0,1,0.5,1500,40,300,联想,A376,1,1
78,4.5,480,500,0,1,0.5,2000,40,350,联想,A378t,1,0
82,5.0,480,500,30,4,0.5,2000,27,350,联想,A388t,1,0
83,5.0,720,800,200,4,1,2300,6,350,联想,A3890,1,0
84,4.0,480,500,0,1,0.5,1500,999,400,联想,A390,1,0
87,4.5,480,500,0,1,0.5,2000,33,350,联想,A398t,1,0
90,4.5,480,500,0,1,0.5,2000,32,350,联想,A516,1,0
91,5.0,480,200,0,4,0.5,2000,24,250,联想,A560,1,0
95,5.0,480,500,0,1,0.5,2000,40,600,联想,A658t,1,1
104,4.5,480,500,0,4,1,2000,37,600,联想,A760,1,0
108,5.0,720,800,200,1,1,0,24,550,联想,A785e,1,0
122,5.5,540,500,30,4,1,0,40,500,联想,A860e,1,0
137,5.0,720,800,200,4,1,2250,45,1350,联想,K860,1,1
142,4.0,480,500,30,1,0.5,2500,52,850,联想,P700,1,1
143,4.0,480,500,30,1,0.5,2500,52,600,联想,P700i,1,0
146,6.98,720,1300,500,4,0,4250,5,1050,联想,PHAB,1,1
147,6.8,1080,1300,500,8,2,3500,9,1600,联想,PHAB Plus,1,0
152,4.7,540,800,0,4,1,3000,27,550,联想,S660,1,1
153,4.7,540,800,30,4,1,3000,20,450,联想,S668t,1,0
154,4.3,480,500,30,1,0.5,1760,45,550,联想,S686,1,1
155,4.5,0,500,0,1,0.5,0,52,500,联想,S696,1,0
160,4.7,720,800,160,4,1,2000,34,250,联想,s820e,1,0
167,4.5,540,500,30,1,0.75,2000,52,650,联想,S870e,1,0
171,5.0,720,1300,800,4,2,2300,16,650,联想,S90-e,1,1
194,5.0,540,800,500,4,1,2000,25,1250,邦华,TL1000,1,0
195,5.5,720,1300,800,4,2,4000,8,950,邦华,U11,1,1
198,5.0,720,1300,800,4,1,2000,10,850,邦华,V95,1,0
199,5.0,720,1600,800,4,2,2000,10,950,邦华,V95 Pro,1,1
203,4.7,720,800,800,4,1,1800,31,1450,酷比,H1,1,0
204,5.0,720,800,800,4,1,2000,18,1250,酷比,H1S,1,0
222,4.0,480,200,0,1,0.25,1500,23,200,酷派,5200,1,1
223,4.0,480,200,0,1,0.5,1500,19,200,酷派,5200S,1,0
231,4.5,480,300,0,4,0.5,1750,16,300,酷派,5313S,1,0
234,4.3,480,300,30,1,0.5,1700,52,550,酷派,5860S,1,1
253,5.0,480,500,30,4,0.5,2000,40,450,酷派,7295A青春版,1,1
265,4.0,480,200,0,1,0.25,1500,26,150,酷派,8076D,1,0
266,4.5,480,200,0,1,0.5,1500,33,150,酷派,8079,1,0
269,5.0,480,200,0,1,0.5,0,26,400,酷派,8089,1,1
270,4.5,480,500,30,1,0,1750,12,250,酷派,8105,1,0
273,4.5,540,500,0,1,0.5,1700,52,500,酷派,8185,1,0
294,5.0,720,800,30,4,1,3000,40,650,酷派,8736,1,1
304,5.0,720,800,500,4,3,2000,3,800,酷派,锋尚mini,1,1
317,5.0,540,800,200,4,1,2000,21,400,酷派,Y60-C1,1,0
320,5.0,720,1300,500,4,2,2500,8,600,酷派,全魔王手机,1,0
343,5.0,720,1300,500,4,2,2500,25,1750,金立,风华3,1,0
348,3.5,320,500,0,1,0.25,1300,64,1050,金立,GN106,1,0
349,4.0,480,500,30,1,0.5,1600,24,750,金立,GN128,1,1
356,4.3,480,500,30,1,0.5,1800,52,1350,金立,GN700T,1,0
362,5.3,540,800,0,4,0,3000,40,1950,金立,GN810,1,0
363,4.65,720,800,100,4,1,2100,40,1950,金立,GN878,1,0
379,3.7,480,800,200,4,1,2300,33,2950,金立,W800,1,0
401,5.0,720,1300,200,4,1,5000,8,600,飞利浦,V526,1,0
409,5.5,1080,1300,500,8,3,4100,1,950,魅族,魅蓝Note3,1,0
422,5.5,1080,1300,500,8,2,2800,4,550,语信,红辣椒Note3,1,1
434,5.5,720,1300,800,4,3,2400,6,1250,语信,小辣椒X5,1,1
451,4.5,540,800,160,4,1,1860,36,550,HTC,608t,1,1
457,4.5,480,500,30,4,0.5,2000,26,350,HTC,Desire 310,1,1
458,4.7,480,800,130,4,1,2040,27,650,HTC,Desire 610,1,0
467,5.0,540,500,30,4,0.5,1950,26,300,HTC,Desire D316d,1,0
488,4.0,480,500,0,1,0.5,1650,50,750,HTC,T328w,1,1
489,4.0,480,500,0,1,0.75,1650,40,350,HTC,T329d,1,0
492,4.3,480,500,0,1,1,1800,43,450,HTC,T528t,1,0
493,4.3,480,500,0,1,1,1800,52,2150,HTC,T528w,1,0
494,5.0,1080,800,210,4,2,2020,42,950,HTC,X920e,1,1
496,4.3,480,800,0,1,0.75,1230,65,2400,HTC,渴望HD,1,0
517,4.7,720,800,500,4,1,2000,15,1350,OPPO,3000,1,0
528,4.0,480,800,200,1,1,1520,51,2850,OPPO,Find 3,1,0
547,3.5,320,300,30,1,0.5,1500,48,800,OPPO,R801,1,1
550,4.0,480,800,30,1,1,1710,52,1400,OPPO,R817,1,0
565,4.5,540,800,30,1,1,3000,52,2050,OPPO,T29,1,0
568,4.5,540,800,500,1,1,2020,41,1550,OPPO,Ulike2,1,1
570,6.0,1440,1300,800,8,3,3610,8,1750,PPTV,King 7s,1,1
571,5.0,720,800,800,8,2,2500,9,1950,SUGAR,2C,1,1
572,5.0,480,500,0,4,1,1800,6,300,TCL,302U,1,0
574,5.5,1080,1300,800,8,2,2910,9,950,TCL,idol3,1,0
575,4.5,480,200,0,1,0.5,1500,26,550,TCL,J636D+,1,0
576,5.0,480,500,30,4,1,2000,26,950,TCL,J738M,1,1
582,5.0,480,500,30,4,1,2000,10,350,TCL,P318L,1,0
584,4.5,480,300,30,4,0.5,1600,16,250,TCL,P332U,1,0
585,4.5,480,200,30,4,0.5,1600,12,250,TCL,P335M,1,0
588,5.0,480,500,30,4,0.5,1800,12,250,TCL,P501M,1,1
589,5.0,480,500,30,4,0.5,2000,20,450,TCL,P520L,1,1
591,5.5,540,800,200,4,1,3300,21,700,TCL,P688L,1,0
592,5.5,720,800,500,8,1,3300,26,750,TCL,S720,1,1
598,4.0,480,500,30,1,0.5,2000,47,1550,vivo,E3,1,0
601,4.3,480,800,200,1,0.5,2000,52,1950,vivo,S12,1,0
607,3.5,320,500,0,1,0.5,1500,64,1750,vivo,V1,1,1
633,3.2,320,320,0,1,0.5,1350,64,1450,vivo,Y1,1,0
672,5.5,720,1300,500,8,1,2100,22,1350,先锋,K68w,1,0
673,5.5,720,1300,500,8,1,2500,20,300,先锋,K88L,1,1
675,6.4,1080,1300,1300,4,3,4250,26,3950,努比亚,X6,1,0
676,5.0,1080,1300,200,4,2,2300,40,2750,努比亚,Z5,1,0
680,5.5,1440,1300,500,4,3,3000,22,2950,努比亚,Z7,1,1
697,5.5,1080,1300,1300,8,3,3000,7,1650,华硕,ZenFone Selfie,1,1
709,4.0,480,320,30,1,0.5,1350,52,500,华为,C8812,1,0
738,4.0,480,800,30,1,0.5,1930,54,800,华为,荣耀U8860,1,1
745,4.0,480,320,0,1,0.5,1500,52,550,华为,G309T,1,0
751,4.5,540,500,30,4,1,1700,40,950,华为,G525,1,0
791,5.5,1080,1200,800,8,4,3400,1,3750,华为,P9 Plus,1,1
795,3.5,320,300,0,1,0.5,1250,45,450,华为,T8620,1,0
798,3.5,320,300,0,1,0.25,1500,52,250,华为,Y220T,1,1
800,4.0,480,200,0,1,0.5,1350,40,350,华为,Y320T,1,0
802,4.0,480,200,0,1,0.25,0,40,250,华为,Y325,1,1
804,4.3,480,300,0,1,0.5,1730,40,550,华为,Y500,1,0
813,5.0,480,500,0,4,0.5,0,25,550,华为,Y610-U00,1,0
817,5.2,1080,1300,500,8,2,2600,13,950,原点,Yuandian II,1,0
836,4.0,480,500,0,1,0.5,1500,41,200,天语,t789,1,1
843,4.5,540,500,30,4,1,1800,43,650,天语,V9,1,0
849,4.5,480,800,200,4,2,1750,16,950,奥克斯,i6L,1,1
851,4.7,720,800,130,4,1,2350,24,750,富可视,M210,1,0
853,5.0,720,800,200,4,1,2500,23,1250,富可视,M512,1,0
884,4.5,480,500,200,4,0.5,3000,23,350,尼比鲁,土星一号,1,0
885,7.0,1200,1300,200,8,2,3500,21,850,尼比鲁,木星一号,1,0
891,5.5,720,1300,800,4,2,2700,5,950,康佳,R2,1,1
894,5.0,0,1300,500,4,1,2050,16,650,德赛,魔镜 X5,1,1
930,5.0,540,500,500,4,1,1900,19,850,朵唯,T20,1,1
932,4.7,720,500,500,4,1,2040,12,750,朵唯,T21,1,1
935,5.0,720,1300,500,4,1,2000,23,650,朵唯,T90,1,0
974,5.0,720,1300,500,8,3,3200,6,1450,海信,金刚II,1,1
999,5.5,1080,1300,500,8,3,3300,2,950,三星,2016版 Galaxy J7,1,1
1016,4.3,480,500,0,1,1,1800,40,650,三星,Galaxy Core,1,0
1025,3.5,320,300,0,1,0.75,1300,40,250,三星,Galaxy Fame,1,0
1026,3.2,320,300,0,1,0.27734375,1350,62,550,三星,Galaxy Gio,1,0
1044,3.14,240,300,0,1,0.375,1200,62,550,三星,Galaxy Mini,1,0
1086,0,0,0,0,4,0,0,28,2400,三星,Galaxy Tab 4 T531,1,0
1087,7.7,800,300,200,1,1,5100,53,3300,三星,Galaxy Tab P6800,1,0
1099,5.7,1440,1600,370,4,3,3000,20,1950,三星,Galaxy W,1,0
1102,4.0,480,300,0,1,0.5,1500,30,400,三星,I699I,1,0
1120,3.3,320,500,0,4,1,0,33,1200,三星,W789,1,1
1133,5.5,720,800,500,4,1,2300,16,1050,中兴,DM,1,0
1134,5.0,720,1300,500,4,1,2400,10,400,中兴,醉享,1,0
1142,4.3,540,800,30,1,1,1600,52,950,中兴,Grand X,1,0
1145,4.0,480,500,0,1,0.5,1600,52,550,中兴,N880F,1,0
1146,4.5,540,500,30,1,0.75,2000,40,500,中兴,N881F,1,0
1148,5.0,480,500,30,4,0,2500,32,450,中兴,N919,1,0
1149,4.5,480,200,0,1,0.5,1650,29,250,中兴,Q201T,1,1
1152,5.0,480,300,0,1,0.5,1650,29,300,中兴,Q501T,1,1
1153,5.0,480,300,0,4,0.5,1650,29,400,中兴,Q501U,1,0
1163,3.5,320,200,0,1,0.25,1150,37,200,中兴,U793,1,0
1165,4.0,480,300,0,1,0.5,1600,38,250,中兴,U807,1,1
1166,4.0,480,200,0,1,0.5,1650,37,200,中兴,U808,1,1
1167,4.0,480,200,0,1,0.25,1400,31,200,中兴,U809,1,0
1169,4.5,480,300,0,1,0.5,1500,26,350,中兴,U818,1,0
1171,4.0,480,500,30,1,0.5,1650,49,350,中兴,U880E,1,0
1172,4.0,480,500,0,1,0.5,1600,52,350,中兴,U880F1,1,0
1175,5.0,720,800,100,4,1,2500,40,600,中兴,U956,1,0
1177,5.5,540,500,30,4,1,3200,30,500,中兴,U969,1,0
1180,3.5,320,320,0,1,0.25,1400,50,300,中兴,V788D,1,1
1181,4.0,480,500,0,1,0.5,1600,999,350,中兴,V889M,1,0
1182,4.5,480,500,30,1,0.5,2000,42,350,中兴,V955,1,0
1209,4.5,480,500,200,4,1,3000,25,1050,亿通,P3,1,1
